Configuration,Best Result,Average Best,Worst Result,Average Mean,Runs
rastrigin_c264674c,0.024138321275286426,0.024138321275286426,0.024138321275286426,0.02402038024612474,4
